d,rank_lowest,sector_code,sector_name,z
0.05,1,C29,"Motorlu kara taşıtları, treyler (römork) ve yarı treyler (yarı römork) Motor vehicles, trailers and semi-trailers",0.9398699410825919
0.05,2,C25,"Fabrikasyon metal ürünler, makine ve ekipmanlar hariç Fabricated metal products, except machinery and equipment",0.9398699413237159
0.05,3,H50,Su yolu taşımacılığı hizmetleri Water transport services,0.9398699416948466
0.05,4,C27,Elektrikli teçhizat Electrical equipment,0.9398699417754813
0.05,5,A02,"Orman ürünleri ve ilgili hizmetler Products of forestry, logging and related services",0.9398699418082717
0.05,6,A03,Balık ve diğer balıkçılık ürünleri; su ürünleri; balıkçılık için destekleyici hizmetler Fish and other fishing products; aquaculture products; support services to fishing,0.9398699418452074
0.05,7,J59_J60,"Sinema filmi, video ve televizyon programı yapımcılık hizmetleri, ses kaydı ve müzik yayımlama; programcılık ve yayıncılık hizmetleri Motion picture, video and television programme production services, sound recording and music publishing; programming and broadcasting services",0.9398699418508604
0.05,8,E36,Doğal su; suyun arıtılması ve temini hizmetleri Natural water; water treatment and supply services,0.9398699418578443
0.05,9,C24,Ana metaller Basic metals,0.9398699418805323
0.05,10,H52,"Depolama ve destek hizmetleri, taşımacılık için Warehousing and support services for transportation",0.939869941880918
0.1,1,C29,"Motorlu kara taşıtları, treyler (römork) ve yarı treyler (yarı römork) Motor vehicles, trailers and semi-trailers",0.8753168439561085
0.1,2,C25,"Fabrikasyon metal ürünler, makine ve ekipmanlar hariç Fabricated metal products, except machinery and equipment",0.8753168441806677
0.1,3,H50,Su yolu taşımacılığı hizmetleri Water transport services,0.8753168445263038
0.1,4,C27,Elektrikli teçhizat Electrical equipment,0.8753168446015167
0.1,5,A02,"Orman ürünleri ve ilgili hizmetler Products of forestry, logging and related services",0.8753168446320793
0.1,6,A03,Balık ve diğer balıkçılık ürünleri; su ürünleri; balıkçılık için destekleyici hizmetler Fish and other fishing products; aquaculture products; support services to fishing,0.8753168446664713
0.1,7,J59_J60,"Sinema filmi, video ve televizyon programı yapımcılık hizmetleri, ses kaydı ve müzik yayımlama; programcılık ve yayıncılık hizmetleri Motion picture, video and television programme production services, sound recording and music publishing; programming and broadcasting services",0.8753168446717424
0.1,8,E36,Doğal su; suyun arıtılması ve temini hizmetleri Natural water; water treatment and supply services,0.8753168446782404
0.1,9,C24,Ana metaller Basic metals,0.8753168446993784
0.1,10,H52,"Depolama ve destek hizmetleri, taşımacılık için Warehousing and support services for transportation",0.8753168446997415
0.2,1,C29,"Motorlu kara taşıtları, treyler (römork) ve yarı treyler (yarı römork) Motor vehicles, trailers and semi-trailers",0.7462106497031423
0.2,2,C25,"Fabrikasyon metal ürünler, makine ve ekipmanlar hariç Fabricated metal products, except machinery and equipment",0.746210649894548
0.2,3,H50,Su yolu taşımacılığı hizmetleri Water transport services,0.7462106501892198
0.2,4,C27,Elektrikli teçhizat Electrical equipment,0.74621065025361
0.2,5,A02,"Orman ürünleri ve ilgili hizmetler Products of forestry, logging and related services",0.7462106502796907
0.2,6,A03,Balık ve diğer balıkçılık ürünleri; su ürünleri; balıkçılık için destekleyici hizmetler Fish and other fishing products; aquaculture products; support services to fishing,0.7462106503089985
0.2,7,J59_J60,"Sinema filmi, video ve televizyon programı yapımcılık hizmetleri, ses kaydı ve müzik yayımlama; programcılık ve yayıncılık hizmetleri Motion picture, video and television programme production services, sound recording and music publishing; programming and broadcasting services",0.7462106503135038
0.2,8,E36,Doğal su; suyun arıtılması ve temini hizmetleri Natural water; water treatment and supply services,0.7462106503190342
0.2,9,C24,Ana metaller Basic metals,0.7462106503370691
0.2,10,H52,"Depolama ve destek hizmetleri, taşımacılık için Warehousing and support services for transportation",0.7462106503373651
